barcode,total_umi
AAACCGGGTAGGTACC-1,22168
AAACCGTTCGTCCAGG-1,4888
AAACCTAAGCAGCCGG-1,12929
AAACGAAGAACATACC-1,65820
AAACGGGCGTACGGGT-1,18765
AAACGGTTGCGAACTG-1,22980
AAACTGCTGGCTCCAA-1,7012
AAACTTGCAAACGTAT-1,41941
AAAGGCTACGGACCAT-1,24909
AAAGGCTCTCGCGCCG-1,25185
AAAGGGATGTAGCAAG-1,18693
AAAGTCACTGATGTAA-1,4534
AAAGTGTGATTTATCT-1,40018
AAAGTTGACTCCCGTA-1,9850
AAATAACCATACGGGA-1,4506
AAATAGGGTGCTATTG-1,28375
AAATCGTGTACCACAA-1,28901
AAATGGCATGTCTTGT-1,33934
AAATGGTCAATGTGCC-1,3305
AAATGTGGGTGCTCCT-1,3948
AAATTAACGGGTAGCT-1,1644
AAATTACACGACTCTG-1,2743
AAATTACCTATCGATG-1,15492
AAATTGATAGTCCTTT-1,6290
AAATTTACCGAAATCC-1,7037
AAATTTGCGGGTGTGG-1,26990
AACAATACATTGTCGA-1,22850
AACACGACTGTACTGA-1,11202
AACACGAGACGCGGCC-1,28062
AACAGGAAATCGAATA-1,32907
AACATAGCGTGTATCG-1,26826
AACATTGTGACTCGAG-1,14011
AACCAGTATCACTCTT-1,3618
AACCCGCTGTATTCCA-1,21411
AACCCTACTGTCAATA-1,4271
AACCCTGGTGGAACCA-1,14791
AACCGCTAAGGGATGC-1,20711
AACCGTTGTGTTTGCT-1,9769
AACCTAAAGCCGTCCG-1,6482
AACCTTTAAATACGGT-1,6223
AACCTTTACGACGTCT-1,15957
AACGATAGAAGGGCCG-1,25446
AACGATATGTCAACTG-1,1734
AACGCGACCTTGGGCG-1,11279
AACGGACGTACGTATA-1,9453
AACGTACTGTGGGTAC-1,6705
AACGTCAGACTAGTGG-1,673
AACGTGCGAAAGTCTC-1,4499
AACTAGGCTTGGGTGT-1,17082
AACTCAAGTTAATTGC-1,5391
AACTCCAGAGCGTGTT-1,12851
AACTCTCAATAGAGCG-1,11666
AACTCTCAGTGTGCTC-1,5341
AACTGATATTAGGCCT-1,44076
AACTGGGTTCGAGCCG-1,7622
AACTGGTGTGGGCCTT-1,2239
AACTTTAGCTGCTGAG-1,3936
AAGACCCAACTGAACA-1,9566
AAGAGCTCTTTATCGG-1,2381
AAGAGGATGTACGCGA-1,33460
AAGATTGGCGGAACGT-1,8502
AAGCTAGATCGAGTAA-1,5770
AAGGAGAACTTATAAG-1,7204
AAGGAGCGGTTGGTGC-1,1522
AAGGATGAGGGACCTC-1,28712
AAGGCTGTGCTCATCG-1,5633
AAGGGACAGATTCTGT-1,12384
AAGGTGATAAACCAGC-1,20087
AAGTCAATTGTCGTCA-1,21494
AAGTGACGACCGAATT-1,14189
AAGTGAGTCGGGTTTA-1,8673
AAGTGCCTTGACTGTA-1,10778
AAGTGCGTTAGAATCT-1,30608
AAGTGTTTGGAGACGG-1,16814
AAGTTCACTCCAAGCT-1,14656
AAGTTCGGCCAACAGG-1,23501
AAGTTTACTAATGGCA-1,40792
AATAACAACGCTCGGC-1,17443
AATAACACTAGAACAA-1,9782
AATAAGTCCTCGAGAC-1,11137
AATAGAACAGAGTGGC-1,4265
AATAGTCCGTCCCGAC-1,10798
AATCGAGGTCTCAAGG-1,26332
AATCGCCTCAGCGCCA-1,5797
AATCGGGACACTACGA-1,35985
AATCTGCGTTGGGACG-1,7040
AATGACAGCAATGTCT-1,24494
AATGATGATACGCTAT-1,23269
AATGCAACCGGGTACC-1,4925
AATGTTAAGACCCTGA-1,18710
AATTAAAGGTCGGCGT-1,2875
AATTAACGGATTTCCA-1,12680
AATTAGCGCTGCAGCG-1,11887
AATTATACCCAGCAAG-1,11482
AATTCATAAGGGATCT-1,18011
AATTCCAAGCATGTAC-1,7744
AATTCTAGAGTTAGGC-1,18201
AATTTGGGACATAGTA-1,5829
AATTTGGTTCCAAAGA-1,8003
ACAAACCGACAAGGCG-1,6724
ACAAGGAAATCCGCCC-1,6573
ACAAGGACAAGAGGTT-1,789
ACAAGGATGCTTTAGG-1,4068
ACAATCCATTTAAACC-1,11291
ACAATCGATCTTTATA-1,10759
ACAATGAATACGGAGA-1,10975
ACAATTGTGTCTCTTT-1,11685
ACACAAAGACGGGTGG-1,6820
ACACACCAGGACCAGT-1,8780
ACACACTTTCTACACG-1,20977
ACACATTTCCGTAGAC-1,10308
ACACCCAGCATGCAGC-1,2349
ACACCTTAAGTAGGGC-1,920
ACACGAGACTCCTTCT-1,1574
ACACGGCACTATGCAT-1,22347
ACACGGGAACTTAGGG-1,2030
ACACTGATCAAGGTGT-1,3672
ACAGATTAGGTTAGTG-1,38258
ACAGCATAGAGCCAGT-1,34507
ACAGCGCACCCGCAGC-1,12811
ACAGGCTTGCCCGACT-1,10794
ACAGGTGGAGGTGAGG-1,4486
ACATACAATCAAGCGG-1,36404
ACATCCCGGCCATACG-1,29847
ACATCCTGGTAACTGT-1,8670
ACATCGATCGTTTACC-1,5435
ACATCGGTCAGCCGCG-1,27093
ACATCGTTAACCTAGT-1,10490
ACATCTCAACGCGTAA-1,7546
ACATTAGTTTATATCC-1,10301
ACCAAACTAGAAATCC-1,12948
ACCAACGCTTATTTAT-1,3795
ACCACAAGTTTCTATC-1,1892
ACCACACGGTTGATGG-1,11611
ACCAGCCCGGTCTTTG-1,8652
ACCAGGAGTGTGATCT-1,8261
ACCAGTGCGGGAGACG-1,10888
ACCATATCCGCAATAA-1,1332
ACCATCGTATATGGTA-1,10924
ACCCATCTTGAGGGTA-1,18346
ACCCGGAAACTCCCAG-1,15675
ACCCGGTTACACTTCC-1,4143
ACCCGTGTCATCAGTA-1,5397
ACCCTATGCCATATCG-1,14947
ACCCTTCATCTGCGAA-1,12667
ACCCTTTAGTTCTCCA-1,6526
ACCGAAAGGGCCCTGC-1,5180
ACCGACACATCTCCCA-1,6169
ACCGACTGAGTCCCAC-1,1721
ACCGAGTCTCCTTATT-1,7537
ACCGATGGTAGCATCG-1,9712
ACCGGGCCTTTGTTGA-1,45732
ACCGTGACCACGTGGG-1,26559
ACCGTTCCCGCTCTGA-1,33518
ACCTACTATAAATCTA-1,26915
ACCTGCGTGTCATGTT-1,43331
ACCTTTCCTTTAGAAG-1,39313
ACGATACATAGAACTA-1,4054
ACGATCATACATAGAG-1,3637
ACGATGCATATGTTAT-1,3107
ACGATGGATCCGATGC-1,3760
ACGCAAACTAATAGAT-1,5705
ACGCATACGTTTACTA-1,5449
ACGCATTCGTGAGTAC-1,4845
ACGCCACTCGAAACAG-1,18494
ACGCCCAGCTGTCGAT-1,7405
ACGCGAAGTCAGACGA-1,35141
ACGCGCTACACAGGGT-1,31452
ACGCGGGCCAAGGACA-1,1871
ACGCTTAGTGTCTCTC-1,6307
ACGGCACTTGCTTGGG-1,15243
ACGGCCAACATGGACT-1,25652
ACGGGAGTGTCGGCCC-1,21409
ACGTACAGATTTCTCT-1,9703
ACGTAGATTGCTGATG-1,915
ACGTAGGAGAGTCGCT-1,4285
ACGTATTACTCCGATC-1,8523
ACGTCCTAAACGAGAT-1,5021
ACGTGCGCCTCGTGCA-1,11590
ACGTGGTCGAATGTGC-1,5486
ACGTTAATGTCGAAGA-1,9657
ACGTTAGATTTGCCCG-1,14314
ACGTTCCGCGCTCCGT-1,10787
ACGTTCGTTCAGGAAA-1,10590
ACGTTTAGTTGTGATC-1,26594
ACTACCAGCTCTCTGG-1,690
ACTACGCGTTAGAATT-1,7743
ACTAGTTGCGATCGTC-1,14968
ACTCAATAAAGGCACG-1,1467
ACTCCCATTCCTAAAG-1,9022
ACTCCCTAATGCTAAA-1,10351
ACTCGTAACCCGTCCT-1,12727
ACTCGTCAGTAATCCC-1,2406
ACTCTTGTATAGTAAC-1,4364
ACTGAAACGCCGTTAG-1,17670
ACTGATTTAGTGATTC-1,5230
ACTGTACGATACACAT-1,4365
ACTGTAGCACTTTGGA-1,956
ACTGTCCAGGATTATA-1,1385
ACTGTCTTCTTTAGAA-1,2130
ACTGTTTAGTGTAGGC-1,2644
ACTTATACTTACCCGG-1,6484
ACTTATTAGGATCGGT-1,1717
ACTTATTTATGTGCCA-1,9188
ACTTCGCCATACGCAC-1,1723
ACTTGACTCCCTCTTT-1,9105
ACTTGCCATATTGTAC-1,16487
ACTTGGGACCCGGTGG-1,4337
ACTTGGGCTTTCGCCA-1,15966
ACTTTCCTATAGCTTC-1,2100
AGAACGTGGTACATTC-1,2690
AGAAGAGCGCCGTTCC-1,16
AGAAGGTTGCCGAATT-1,12778
AGAAGGTTGTAGGTCG-1,21038
AGAAGTGATTCGTGAT-1,28180
AGAATTATGGATTCGA-1,8736
AGACATAGATCCTTCC-1,1670
AGACCCACCGCTGATC-1,11668
AGACCCGCCCTCCTCG-1,5136
AGACGAAGTGCCGGTC-1,15710
AGACGACGATGCCGCT-1,13490
AGACGGGATTGGTATA-1,5175
AGACTAGCCTTCCAGA-1,1125
AGACTGTTACCGGGTC-1,4005
AGAGAACCGTCTAGGA-1,17017
AGAGAAGGAGTACAAT-1,20149
AGAGCGGGCTAATCAT-1,18681
AGATAACTTCAGGGCC-1,2391
AGATACCGGTGTTCAC-1,23572
AGATATAATACGACTA-1,11719
AGATCTCAGGTGTGAT-1,3641
AGATGACTCGCCCACG-1,2061
AGATTATAGGACGTTT-1,2974
AGCAACATATCTTATT-1,12796
AGCACCAGTACTCACG-1,2146
AGCACTACCTCACCAG-1,21890
AGCAGAAGGAGAAAGA-1,6747
AGCAGCCAGATGAATA-1,27931
AGCAGTCGAAGCATGC-1,9601
AGCATCGTCGATAATT-1,1932
AGCCAAGCTTTGTGTC-1,19421
AGCCACAGGTTACCCG-1,4715
AGCCACTCCCGTGCTT-1,3571
AGCCATATAGTATGTG-1,13801
AGCCCATACATGTAAG-1,12159
AGCCCGCAACAAGCAG-1,20921
AGCCCGGTAGCCTGTA-1,6950
AGCCCTAAGCGAAGTT-1,34731
AGCGACAGGAACGGTC-1,10563
AGCGACATCCCATTCA-1,3456
AGCGACCAACGATATT-1,16181
AGCGCATAATGAATCG-1,11852
AGCGCGGGTGCCAATG-1,17020
AGCGGACACTTCGTAG-1,15559
AGCGGGTCTGACACTC-1,7177
AGCTCTAGACGTTCCA-1,4317
AGCTCTTCCCAGTGCA-1,6502
AGCTCTTTACTCAGTT-1,24728
AGCTTCAATACTTTGA-1,4689
AGCTTGATCTTAACTT-1,19169
AGGAAGCTGTCCGCCG-1,11369
AGGACAGTCGAATCCC-1,2152
AGGACGACCCATTAGA-1,5792
AGGAGGCCTTCGCGCG-1,7184
AGGATAAAGTCGGGAT-1,10185
AGGATATAGGGATTTA-1,17284
AGGCAGATGCGTAAAC-1,32960
AGGCAGGGAGCGTACT-1,7041
AGGCATTGTCGTAGGG-1,13888
AGGCCACCCGTTATGA-1,625
AGGCCCATTGTACAGG-1,24662
AGGCCCTAGAACGCCA-1,39343
AGGCTTAAGTTGCACA-1,22445
AGGCTTCCCGAAGAAG-1,6039
AGGGAAACGAGGTACT-1,4394
AGGGACTCTACGCGAC-1,8565
AGGGCAGCGGCGTGGT-1,7483
AGGGCGAGCAGCTGAT-1,19765
AGGGTCGATGCGAACT-1,9991
AGGGTGCTCTCGAGGG-1,11278
AGGGTTCCCTTTGGTT-1,6897
AGGGTTTAGTTCGGGA-1,1540
AGGTACGATATTGCCA-1,21872
AGGTCAGGTGAGAGTG-1,54479
AGGTGGTGACCTTCGC-1,26620
AGGTTTCACACACCTT-1,5667
AGTAACGTTCATCCTG-1,8085
AGTAATCTAAGGGTGG-1,11854
AGTAATGTCTTGCCGC-1,3559
AGTACAGAAGCTTATA-1,5826
AGTACGTGGCCTGTCT-1,7317
AGTAGAAGGCGCCTCA-1,7380
AGTAGCGTGAACGAAC-1,6691
AGTATACACAGCGACA-1,4832
AGTATTTGGCACGACC-1,6753
AGTCAACACCACCATC-1,6108
AGTCAAGATGACACTT-1,3836
AGTCCATTGGCTGATG-1,6870
AGTCCCGCCTTTAATT-1,32700
AGTCGACGGTCTCAAG-1,8718
AGTCGGCCCAAACGAC-1,685
AGTCGGCTCAACTTTA-1,25280
AGTCGTATAAAGCAGA-1,30863
AGTCGTCGACCACCAA-1,10867
AGTCTCACAAGACTAC-1,8241
AGTGAACAAACTTCTC-1,16706
AGTGACCTACTTTACG-1,4621
AGTGAGGGTTTCTGAC-1,8287
AGTGATAACCTGCGCG-1,10448
AGTGATATGAGTAGTT-1,3721
AGTGCACGCTTAAGAA-1,10932
AGTGCTAAACACAGCA-1,11846
AGTGCTTGCACGAATA-1,2975
AGTGGCGGCAATTTGA-1,18954
AGTTAAACACTTGCGA-1,8793
AGTTCCTACAGAATTA-1,10059
AGTTCCTATTTATGTT-1,6990
AGTTGACGGTCCTTGC-1,18396
AGTTTCGCAGGTCGGA-1,18421
AGTTTGGCCAGACCTA-1,32840
ATAAACGGACCCGTAA-1,25044
ATAAAGGCTCGGTCGT-1,5532
ATAAAGGTCAAGTACG-1,8673
ATAAATATTAGCAGCT-1,17612
ATAACGGAGTCCAACG-1,1763
ATAAGTTACCGCGACG-1,4455
ATAATAGCTGTTGAAT-1,30805
ATAATTAGCTAAGTAG-1,22621
ATACAGGCCCTCCAAT-1,6544
ATACCACGGGCAACTT-1,2325
ATACCAGCAAATTGCT-1,20145
ATACCAGGCTAATAGA-1,29066
ATACCAGGTGAGCGAT-1,3979
ATACCTAACCAAGAAA-1,12080
ATACGTCCACTCCTGT-1,11054
ATACGTTATGCACGGA-1,16603
ATACTGCCTTACACCG-1,15377
ATAGACAACGGGACCT-1,5896
ATAGACGAAGAGAAAG-1,3947
ATAGAGTTATCAACTT-1,12241
ATAGATTTGCAGTCGG-1,50620
ATAGCAACTAGGGAAG-1,25342
ATAGGCGGCTATAGAA-1,26303
ATAGGCTAGCTTCGCA-1,12335
ATAGGTTGGGCAGATG-1,1269
ATAGTCTTTGACGTGC-1,59136
ATAGTGAAGCGTTCTC-1,3564
ATATAAAGCGCTCGTG-1,6298
ATATCGTGCCAGACCC-1,4896
ATATCGTTCCTCGAAC-1,14654
ATATCTCCCTCGTTAA-1,8264
ATATCTTAGGGCCTTC-1,1038
ATATGGGATAGCAACT-1,4655
ATATGTCTAGAGCGTG-1,14421
ATATGTCTCCCTAGCC-1,13213
ATATTCCCACAGGTCA-1,31130
ATATTTAACCCTCAAG-1,1849
ATCAAACGAAGGTTTG-1,24806
ATCAAAGAGCCGTGGT-1,21764
ATCAAGATCCCAGGAC-1,4990
ATCACATTAGAATATC-1,3940
ATCACGTGCTAATTAA-1,28519
ATCAGACGGCACGCCG-1,8972
ATCAGTAGGCAGGGAT-1,35940
ATCATCCAATATTTGT-1,1483
ATCCAATGGAGGGTCC-1,26571
ATCCACATCGACAGAA-1,3472
ATCCAGAGCAACAACC-1,9666
ATCCAGGATTCGTGAA-1,8715
ATCCCATTTCCGTGGG-1,8880
ATCCTACCTAAGCTCT-1,4375
ATCCTGAATCGCTGCG-1,7039
ATCCTGCGTGGAATGG-1,4810
ATCGACCCAATACAGA-1,8252
ATCGACTCTTTCCGTT-1,31593
ATCGCACGCCGGGAGA-1,5780
ATCGCCAGTCAACATT-1,9972
ATCGGAGACAGACGGC-1,7072
ATCTAATATCCTACGG-1,7116
ATCTAGCTTGTGAGGG-1,6388
ATCTGCTGTTATCGCC-1,26045
ATCTGGGCTGTTCTTG-1,4909
ATCTGGTTAAGACTGT-1,2089
ATCTGTAATTGTACCC-1,9716
ATGACGCCGGCTCTAA-1,9571
ATGACTATCAGCTGTG-1,5175
ATGATCGGGAATAGAC-1,23751
ATGATGCAATGGTACA-1,3994
ATGCATGATCCAGGAT-1,4868
ATGCCATTTGCGACCA-1,7176
ATGCCGGTCTTGCATA-1,3414
ATGCCGGTTGATGGGA-1,2706
ATGCGAGTCCCACCAC-1,13261
ATGGATCCGGCGTCCG-1,2298
ATGGATTGACCAAACG-1,1916
ATGGGAACGGAAGCGG-1,36510
ATGGGCCTCGGCCTCT-1,10584
ATGGTATTGGGAACCG-1,21602
ATGGTGCTCAAAGCCA-1,3024
ATGTACGATGACGTCG-1,9295
ATGTCATAATAAACGA-1,12734
ATGTGAAAGCCTAATG-1,34033
ATGTGCATCCGACGCA-1,9059
ATGTGTAGTTTAGTCA-1,25710
ATGTTGTAGTCTGTTT-1,5316
ATTAAACATGCGGACC-1,17740
ATTAATTCGGTCACTC-1,17555
ATTACAACTACCGGCC-1,4499
ATTACGCGCTGGCAGG-1,26915
ATTACTAGCCTCTTGC-1,5719
ATTAGGCGATGCTTTC-1,14267
ATTATACTTTGCTCGT-1,6048
ATTATCGGAATGTACG-1,25443
ATTATCTCGACAGATC-1,24502
ATTATGCCATAGGGAG-1,1861
ATTCAACCATTTAAGG-1,11527
ATTCACTGATGTTGGA-1,8255
ATTCAGGATCGCCTCT-1,8709
ATTCATATACTGTCCA-1,15776
ATTCCTCCGCCAGTGC-1,1304
ATTCTGAGTATGAACT-1,6699
ATTCTTCGTACTTATG-1,2983
ATTGAAGATCTTAGTG-1,3555
ATTGACGTAACTCGGT-1,7856
ATTGATGAGTCCTAAC-1,7637
ATTGCGATCAGTAACT-1,6069
ATTGCTGCTCCTCCAT-1,7735
ATTGGGAATATCTTGG-1,10090
ATTGTCGCAATACCTT-1,2600
ATTGTCTGTTTCATGT-1,5057
ATTTAACTCGTATTAC-1,17967
ATTTACAGTTTACTGG-1,944
ATTTATACTGGTAAAG-1,14646
ATTTCCGGGTTCTGCG-1,13785
ATTTGCCTAGTTACGA-1,7611
ATTTGCGCGAGTAGCT-1,15410
CAAACCCTCCGGCGGG-1,5128
CAAACGAGTATCGCAG-1,4831
CAAACGTGGTCTTGCG-1,5118
CAAACTATTGAGCTTC-1,30092
CAAAGATTATTGGGCC-1,4260
CAAATCTCTCACAAGG-1,37268
CAAATGCGGAGTGTTC-1,2626
CAAATGTCCTTCCGTG-1,8430
CAAATTGTCAGCAAGC-1,24948
CAACAGTGCCAAACGG-1,31104
CAACTCCAACGTTTAG-1,48136
CAACTGCTCATCCGAT-1,5759
CAAGAGGGCGGAGTAC-1,6532
CAAGATATTATAACGT-1,6214
CAAGCAACGTCGGAGT-1,1809
CAAGGATCGCATGTTC-1,5829
CAAGTAAGTGATAGAC-1,15720
CAAGTGAACTTTGGTT-1,11242
CAAGTGTGGTTGCAAA-1,9605
CAATAAACCTTGGCCC-1,1512
CAATATTCTTGACCTA-1,8278
CAATCCCTATACCAGC-1,5241
CAATGACCCTTAATTT-1,4740
CAATGCGAGAAGTATC-1,26666
CAATGGAATCTACATA-1,4820
CAATGGTCGGCCTGGG-1,12010
CAATTAAGGGTGATGA-1,2019
CAATTTCGTATAAGGG-1,4890
CACAATGAGCTGCTAT-1,3488
CACACACGCTAACGAG-1,10565
CACACGCGCTGTCTTA-1,2373
CACACGTTTCAATGGG-1,20930
CACAGCACCCACGGCA-1,2141
CACAGGGCCGTTGTCA-1,22750
CACATCGTGCACGCGC-1,34163
CACATTCTTTCGATGG-1,12392
CACCATCGGAGGAGAC-1,30028
CACCCACACGTCACCC-1,5392
CACCCACGAGGCAATT-1,6327
CACCCGGTTTGTGACT-1,5111
CACCCTAACAAGATCT-1,5274
CACCGATACACCGAGC-1,5357
CACCGCCAGAAGGTTT-1,2296
CACCGCCGACCAGCGA-1,9257
CACCGTATCCCATCCG-1,36759
CACCGTTAGGGATCAC-1,12883
CACCGTTGCGCGATAT-1,29451
CACCTTGGCGCCTTTG-1,9917
CACGCAGCGAGGCTTT-1,1836
CACGCGGAACTGTTGC-1,9288
CACGTCGGCAACCTCT-1,8289
CACGTTCGTGCTCTAG-1,2171
CACGTTTCGTACACAC-1,5705
CACTAAAGTTGCCTAT-1,1560
CACTACTCAGTTCTGT-1,8590
CACTCAAGAGCTATGG-1,1111
CACTCAGCTCTTGAGG-1,5208
CACTCCTATGTAAGAT-1,29981
CACTCCTCTCGGTCGG-1,3937
CACTCTTCTGCTAGCC-1,9108
CACTGACGATTGTGGA-1,14389
CACTGTCCAAGTGAGA-1,2921
CACTTAATCAGACGGA-1,2850
CAGAACTTAGCCCTCT-1,12092
CAGACACCGATCGCTG-1,11280
CAGACCTGTAAGTGTT-1,6548
CAGACGAACCTGATAC-1,5011
CAGAGACGGTCACCCA-1,9752
CAGAGCATGAGCTTGC-1,3704
CAGAGGCGATGCATGA-1,4558
CAGAGTGATTTAACGT-1,5487
CAGCAGCCCGTTCCTT-1,3977
CAGCAGTCCAGACTAT-1,6574
CAGCAGTCTGTGCTGC-1,4666
CAGCCCTCACAGGCAG-1,15906
CAGCCTCCTGCAGAGG-1,2305
CAGCGATTCCCTTCAA-1,4240
CAGCTCACTGAGACAT-1,2045
CAGCTCGACAAGTTAA-1,9270
CAGCTGGCGTAACCGT-1,27877
CAGGAAGACTTTATAT-1,4159
CAGGATATATCGTTGT-1,30353
CAGGCCGTTTGGGTGT-1,10490
CAGTACCAGTTTACGT-1,51857
CAGTAGCCCACGCGGT-1,12702
CAGTCTGTATACTGGG-1,5644
CAGTTCAAATTGACAC-1,3817
CAGTTCGAGGACCCGA-1,3334
CATAACGGACAGTCGT-1,11232
CATAAGAAGCTTGGCT-1,7551
CATACACGGTTCCCAC-1,14704
CATACCCGTACCCAGT-1,8938
CATACTATGTAATTGT-1,2920
CATACTTCTTTCTCCG-1,17839
CATAGCGTTGCCCACC-1,11405
CATAGTACATTGAGAG-1,4539
CATAGTAGCATAGTAG-1,2791
CATAGTCAAATACATA-1,25461
CATAGTCCACAAGAAC-1,26554
CATATAGGTACAGTCA-1,12999
CATATGTCAGGCTACG-1,18486
CATATTATTTGCCCTA-1,8126
CATCATCTACCCGGAC-1,7078
CATCCTCTCAAAGATC-1,8974
CATCGCCCGCGGCCAA-1,2250
CATCGGACGGGTTAAT-1,21355
CATCTTACACCACCTC-1,7324
CATGAACCGACATTTG-1,816
CATGAACCTCTTATCA-1,13312
CATGAGATGCACTCTC-1,13123
CATGATACGGTGAAAC-1,16438
CATGATGGAAGTTAGC-1,17786
CATGCACGTGTTACTG-1,5589
CATGCATGGAGACCCT-1,38672
CATGCCAACTCGCAAA-1,14152
CATGCGACCAGTTTAA-1,12880
CATGCGTTAGACAGAA-1,29575
CATGCTGGCTCCAATT-1,21597
CATGGATTGTCTTCCG-1,3943
CATGGCAGGAAGATCG-1,4327
CATGGGTATGCCTTAT-1,6551
CATGGTCTAGATACCG-1,1600
CATGTAAGAGACATTT-1,13189
CATGTGGGCTCATCAC-1,21464
CATTATAACAGGGTCC-1,42286
CATTATGCTTGTTGTG-1,3123
CATTCACTGACAGCTA-1,12021
CATTGCAAAGCATAAT-1,3748
CATTTATCGTTCAAGA-1,2996
CATTTGAGTGGTACGT-1,5970
CCAACGATGCACTGAT-1,908
CCAAGAAAGTGGGCGA-1,11874
CCAAGACTTCTGCGAA-1,2026
CCAATAGTGCCGTCGA-1,4477
CCAATCGGTAGATCGA-1,1962
CCAATGTCACAGCAAG-1,2746
CCAATTACGGGTCGAG-1,18130
CCACACTGAGATATTA-1,2895
CCACAGTACCCATCCT-1,8299
CCACCAACTTTACTGT-1,8032
CCACCCAAGGAAAGTG-1,6684
CCACGAGAAGAGAATC-1,6250
CCACGGAGCCATAAGA-1,22077
CCACTCAGATCCGCAA-1,3657
CCAGAAAGCAACTCAT-1,18933
CCAGCTCGAACGCATT-1,11826
CCAGGGACGTGGCCTC-1,4541
CCAGTAGTCTGATCCA-1,8240
CCAGTCTAGACGGCGC-1,28704
CCAGTCTTGTCATAGA-1,9804
CCAGTTCGGTAACTCA-1,7509
CCATAAACAACCCGAC-1,6164
CCATAGGTTGGCGTGG-1,2188
CCATATGGAAACTATA-1,37979
CCATCGCAGTTAAACT-1,12838
CCATCTCACCAGTGAA-1,9117
CCATGCCCTAGATTTC-1,8905
CCATGCCTGTTTAGTA-1,1412
CCATGCTCTGCAGGAA-1,1426
CCATTAGCGATAATCC-1,2437
CCATTCCCTGCCCACA-1,435
CCCAAACATGCTGCTC-1,2594
CCCAACATACGTCGCG-1,27513
CCCAACCACACTAACA-1,14087
CCCAAGAATGCACGGT-1,9320
CCCAAGACAGAGTATG-1,3714
CCCAATGAGATTTGCA-1,23673
CCCAATTTCACAACTT-1,24688
CCCAGGAAGAATTCGA-1,21718
CCCGCAGCGCGAACTA-1,6338
CCCGCCATGCTCCCGT-1,2064
CCCGCTAGAGGGTTAA-1,5674
CCCGGGTCGTTCAGGG-1,21965
CCCGTAAGTCTAGGCC-1,21135
CCCGTAGCTGGGAAGA-1,13898
CCCGTCAGCGTCTGAC-1,3815
CCCTACCCACACCCAG-1,7823
CCCTACTTGAACAATG-1,4663
CCCTCATTCTGGAATT-1,4237
CCCTCGGGAGCCTTGT-1,3752
CCCTGAAATGAGTTGA-1,1217
CCCTGGGAGGGATCCT-1,26952
CCCTGGTATGGGCGGC-1,16527
CCCTTTGACAGGTCTT-1,9682
CCGAGGGATGTTAGGC-1,25868
CCGCACAAAGACCAAC-1,5997
CCGCATGTGGTACGAT-1,13719
CCGCCACCACAATCCA-1,12600
CCGCCGGTCAACACAC-1,5581
CCGCGGAATGCGTCAC-1,4970
CCGCTATCAGCACCAG-1,14763
CCGCTCCAGGGCGATC-1,4360
CCGCTGGTGCCATTCA-1,9650
CCGCTTACCTCACTCT-1,38260
CCGGAAGTGCAATATG-1,1562
CCGGAGCGTACTTTCT-1,7791
CCGGCGCATATTGGAT-1,5328
CCGGGCGGTCTCGTCA-1,3678
CCGGGTTCGAGGTTAC-1,24882
CCGGTATCTGGCGACT-1,23100
CCGGTTTGTAATTGTG-1,7552
CCGTAAGTTGGTCCCA-1,2066
CCGTAGGGTTGTTTAC-1,10676
CCGTATCTCGTCGTAG-1,3580
CCGTGTTAAATTCCAT-1,13113
CCGTTACGTTAGAACA-1,7992
CCGTTCCGAATCTCGG-1,3017
CCTAAACAGGGTCCGT-1,2817
CCTAAATTAACGGTTC-1,21245
CCTAACTAAGGCTCTA-1,26928
CCTACAGTTGAGGGAG-1,25008
CCTACTGCTTACACTT-1,1200
CCTAGGCGTAGCGATC-1,2608
CCTAGTTAGTCGCATG-1,18051
CCTATAATGAGTGCCC-1,9664
CCTATACCGTCCTGTC-1,5138
CCTATATTTGTCCTGG-1,11590
CCTATCTATATCGGAA-1,13703
CCTATGGGTTACCGTC-1,1784
CCTATGGTCAAAGCTG-1,5960
CCTATGTCCACTCCAC-1,16998
CCTCACCTTAGCATCG-1,21841
CCTCCCGACAATCCCT-1,16631
CCTCCGACAATTCAAG-1,2424
CCTCCTGTTGTGTCGT-1,22604
CCTCGACCCACTGCCT-1,6579
CCTCGCGCGATATAGG-1,30517
CCTCGCGCTGTGCGAT-1,16443
CCTCGGACCGGGATAG-1,2391
CCTCTCTCCCATCTAG-1,9281
CCTCTGGCCTAGACGG-1,2981
CCTCTGTACTATTCTA-1,20661
CCTGACCACCGATGGT-1,23495
CCTGACGCAACCTTTA-1,13199
CCTGATTCGCGAAGAA-1,8195
CCTGCTATTTGAGAAG-1,2282
CCTGGCTAGACCCGCC-1,1278
CCTGGTCGAATGTGGG-1,4058
CCTGTAAGACATGATA-1,5913
CCTGTACTCACGCCCA-1,11410
CCTGTCACCCGGGCTC-1,1847
CCTGTTTGAAGACACG-1,16708
CCTTCAGTTAAAGTGA-1,6406
CCTTCGTATAGAATCC-1,8358
CCTTTAAGGGAGCACT-1,5489
CCTTTCAATGAAGAAA-1,17956
CGAAACATAGATGGCA-1,31902
CGAAACGCAATTCATG-1,36039
CGAACAGTATGGGCGT-1,9084
CGAACCCGCATGCGTC-1,4235
CGAACGCCCAGTGCCG-1,27724
CGAAGATCAGTTTCAT-1,12614
CGAAGTTGCTCTGTGT-1,1949
CGAATGACGCATAATG-1,21253
CGACAATTTGATCTAA-1,11113
CGACACGCTCCGACAG-1,35532
CGACAGTTCGCGTTAT-1,3907
CGACATGCGATCTTCT-1,14016
CGACTCAGGATGTTAT-1,28699
CGAGACCCTAGAGTGT-1,26993
CGAGAGATGTGAACCT-1,2466
CGAGGCTAAATATGGC-1,2942
CGAGGGACTGCGGTCG-1,4216
CGAGGGTATCCAGGTG-1,32078
CGAGTACTAAAGAGGA-1,26543
CGAGTTCTGTCCCACC-1,6293
CGAGTTTATCGGACTG-1,12177
CGATACCTCGCGGACA-1,3180
CGATCCGACCCAGTGC-1,2665
CGATCGAGAAGCACCA-1,28786
CGATCTGTTGGAGGAC-1,42657
CGATTAAATATCTCCT-1,32674
CGCAAACACGAGTTAC-1,602
CGCACGTGCGCTATCA-1,6843
CGCAGAAACATTTGCG-1,41912
CGCAGGCGATCCAAAC-1,18766
CGCATCATGGCTTCAG-1,5531
CGCATGCCGAATGCGT-1,21538
CGCATTAGCTAATAGG-1,1859
CGCCATCCGATTATGA-1,2015
CGCCCAGCACGCCTAG-1,9447
CGCCCAGCGTTTCACG-1,5833
CGCCCGCTTCCGTACA-1,4935
CGCCGTTCAGCATAGT-1,4702
CGCCTGGCCTACGTAA-1,11916
CGCGACCGCGACAGAT-1,14809
CGCGCATGTTTGATTG-1,6861
CGCGCCCGACTTAATA-1,1364
CGCGGCTCAACTTGAA-1,17831
CGCGGGAATTCCTTTC-1,6567
CGCGTCATATTAAACC-1,7247
CGCGTTCATGAAATAC-1,2274
CGCTACGGGACATTTA-1,2440
CGCTCGACATAATGAT-1,2509
CGCTCTCCGTAGATTA-1,1152
CGCTGGTGACTACCCT-1,19808
CGCTGTGACGCCGCAC-1,1043
CGCTGTGTGGATGTTG-1,15071
CGCTTAGTATTGATAC-1,21394
CGCTTATTCCCGGTCG-1,20288
CGCTTCCACTGAAATC-1,2972
CGCTTTCCGCCAAGGT-1,6495
CGGAAAGAATCAAACG-1,5148
CGGAACGTAAACATAG-1,5336
CGGACCTTTACGTCCC-1,2908
CGGAGCAATTTAATCG-1,33206
CGGAGCTTATAACACC-1,10177
CGGATCCTCAAGGACT-1,7535
CGGCAAACATCGTGCG-1,5787
CGGCACCGTTAGCGCC-1,4451
CGGCAGGGTCGGGTTG-1,14190
CGGCCACGCACAAAGT-1,2220
CGGCCAGAGCGACCAT-1,6998
CGGCGCCATCAATCCC-1,12198
CGGCTCTTCGTCGAAC-1,3809
CGGCTGCAAGATTAAG-1,11765
CGGCTTTGTATGATAA-1,34674
CGGGAATATAGTATAC-1,15741
CGGGAATTTATGTAAA-1,14052
CGGGAGCTTCAGTGTA-1,6105
CGGGATCAATGTAAGA-1,14129
CGGGCAGCTAAACCGC-1,1942
CGGGCCTTCTTTGTAA-1,3349
CGGGCGATGGATCACG-1,6448
CGGTAGAGGTGCAGGT-1,23794
CGGTATGGGCACTCTG-1,12166
CGGTCAAGTGGGAACC-1,3440
CGGTCCGTCGCAAGCC-1,10993
CGGTCTATCAACCCGT-1,2717
CGGTGCAGATAGAACG-1,36591
CGGTGCGCGTTGGTCC-1,4177
CGGTTATCCAACAGTG-1,12440
CGGTTGACCTGGCATA-1,6449
CGGTTGGGCAGGGTCC-1,5743
CGTAACTTCGACACTT-1,9166
CGTAGAGAGTAATTAT-1,20145
CGTAGCGAATTGTCAG-1,22978
CGTAGCGCCGACGTTG-1,12928
CGTATTAAGAGATCTA-1,1743
CGTCACGTCCATTGGT-1,3495
CGTCAGTTTATCGTCT-1,3399
CGTCGCATGTGAGCCA-1,21054
CGTCGGATAGTGTTGA-1,38882
CGTCTGGAAGGGCCCG-1,4778
CGTGAAGTTAATTCAC-1,1187
CGTGACATTGGGTCGT-1,2388
CGTGACCAGTCCTCTG-1,23078
CGTGCACACCACTGTA-1,6418
CGTGCAGACTGGGACA-1,7813
CGTGCATTGTCGACGC-1,33975
CGTGCCCGACATTTGT-1,3107
CGTGGCCGAATATCTA-1,18140
CGTGGTACCCAAAGGC-1,1914
CGTGTCTCGTTACGAC-1,18285
CGTTAGCTCACAACTG-1,3857
CGTTCAGACCCGCGAA-1,21746
CGTTCATGGTGCGCGT-1,54231
CGTTGAGCGACCGTCG-1,5299
CGTTGCCCGCGTGGGA-1,3456
CGTTGTCGGCAATTGA-1,10435
CGTTGTTTCAATTCCC-1,2811
CGTTTAAGCGGAGCAC-1,7692
CGTTTCACTTCGGGCG-1,45426
CGTTTCGCTCATTACA-1,1284
CGTTTGTGTAGAGGGT-1,6306
CTAAAGAATGCCTACT-1,11600
CTAAAGGATGAGATAC-1,12850
CTAAAGGGAAATAGGA-1,28997
CTAACCGCGCGCCCGT-1,15979
CTAACGAAACTTGCTG-1,9249
CTAACTGATAATCGCC-1,7330
CTAACTGGTCCGGTTC-1,15723
CTACAAGAAATAACCC-1,20366
CTACACTCGCAGATGG-1,4269
CTACCCTAAGGTCATA-1,2998
CTACGAACTAGGTCGA-1,13667
CTACGACTAGCTATAA-1,2333
CTACGCACGGAGTACC-1,1598
CTACTATCTTTCAGAG-1,7315
CTACTCAAGGTATAGT-1,22269
CTACTGCCACCTGACC-1,1267
CTAGATTTACGACGGC-1,5979
CTAGGTTCGGACGTGA-1,5558
CTAGTAGAAAGGGATT-1,4069
CTAGTCACGTCTTAAG-1,6584
CTAGTGAAGGACAGGA-1,5825
CTAGTTACAACCCGGT-1,4230
CTAGTTGGGCCCGGTA-1,2640
CTATCACAACGCTGGA-1,7252
CTATCGGGTCTCAACA-1,1172
CTATGCCCGAATGCAA-1,14702
CTATGGGAAGCGGAAT-1,15523
CTATGTCACTAGCCCA-1,1747
CTATGTCTATTGAAAC-1,19420
CTATTCATGTGTCCCA-1,9993
CTATTTGCTTGGAGGA-1,6879
CTCAACTAACCCGGAT-1,8358
CTCACATTTACTAAAT-1,4829
CTCACTGTGATACTTA-1,10714
CTCACTTGGCTGGTAA-1,9346
CTCAGAGCTAATGTCG-1,14801
CTCAGTCACGACAAAT-1,29490
CTCATGGCTCACAATC-1,19066
CTCATGGTAATTTGCG-1,24022
CTCCCTCCTTTCGATC-1,7519
CTCCGCCCACATGAGG-1,14665
CTCCTCCAGCTCACAC-1,6679
CTCGAGGTCGAACAGT-1,3781
CTCGCCGAATGTAGGG-1,13706
CTCGGGCATCGTCGGG-1,55528
CTCGTCTGTGCCTTCG-1,21584
CTCTAACACCGGCAGC-1,15579
CTCTACATCCTGCGTG-1,17327
CTCTATTTGGCTGCAG-1,5046
CTCTCACAATCGATGA-1,1934
CTCTCGATGTGCGCCT-1,43812
CTCTGGACGCCTGGTG-1,2181
CTCTGTCCATGCACCA-1,7758
CTCTGTTTGAGGATTC-1,8589
CTCTTCTATTGACTGG-1,16449
CTCTTCTGGAAGTTAG-1,7871
CTCTTGTCCCGCTTGG-1,39522
CTGAATCCGAGACCTC-1,5987
CTGCAAATGGGCTCCA-1,7992
CTGCACAACTACATAT-1,8360
CTGCAGAGAATCAGAG-1,39516
CTGCCAAGGTTGGAAG-1,1977
CTGCCTTTCTAGTAAA-1,24505
CTGCGACCTCGCCGAA-1,5040
CTGCGATTTCGAGATT-1,18846
CTGCGTTACGATATAA-1,7978
CTGCTCTGACGGCAAA-1,22828
CTGCTGAGGCCACGAA-1,28038
CTGGAAATGGATGCTT-1,2304
CTGGATTTACACTTGA-1,8219
CTGGCATCCGAATGAG-1,25152
CTGGCGACATAAGTCC-1,3155
CTGGCGCACAGGTCTG-1,2938
CTGGCTGATTCATCCT-1,14891
CTGGCTGGTTGTCAGT-1,38035
CTGGGATCGCCCAGAT-1,21951
CTGGGCCTGCTATATC-1,25514
CTGGTAACACATAGAA-1,2680
CTGGTAACGAGCTCTT-1,12913
CTGGTCCTAACTTGGC-1,41737
CTGGTTTCGAGCAAGA-1,2338
CTGTACTTCTTAGCAT-1,1525
CTGTAGCCATCTCACT-1,6836
CTGTCAAATGGCTCGG-1,4475
CTGTTACCCAATCTAG-1,12986
CTGTTCACTGCCTGTG-1,4902
CTTAACTTCGAAGTAC-1,15149
CTTAATCGACTTAGTA-1,18225
CTTACACGGTATTCCA-1,1716
CTTACATAGATTTCTT-1,11854
CTTAGATGTTTCATCC-1,18807
CTTAGTGTAGTAGCAT-1,3035
CTTCAGTTGGACAACG-1,8776
CTTCATCACCAGGGCT-1,13925
CTTCATTGTCAGTGGA-1,1365
CTTCCGCTCCGTGAAG-1,16470
CTTCGTAGATAGGTGA-1,6798
CTTCTATGTTGAAGTA-1,20402
CTTCTATTAATGCTAG-1,3429
CTTCTTACGTCGTATA-1,6217
CTTGACCCGAAAGATA-1,26171
CTTGAGTTAGGGTAAT-1,15793
CTTGCAACCGCCTCCT-1,24549
CTTGCCCAGGCTCTAC-1,21721
CTTGGCCAAGCTGGGA-1,9180
CTTGTACTTGTTGACT-1,2575
CTTGTCAACATTCGAG-1,4019
CTTGTGCTCACCGATT-1,13413
CTTTAGTGCTATTATT-1,8769
CTTTCTGTGCGGGCTT-1,6922
CTTTGGCTTTAGTAAA-1,1421
CTTTGGGATTGTTGCA-1,4396
GAAACAGATGACCACC-1,9001
GAAACAGCCATGCAGT-1,25647
GAAACCGAATTACCTT-1,5099
GAAACCTATACAAATG-1,10272
GAAACTCTAATGAAGG-1,32115
GAAAGCAGTGCACTTT-1,13088
GAAATGGCGGTGTTAG-1,2878
GAAATTGTCTCTATAA-1,5679
GAACACACATCAACCA-1,2583
GAACAGATTACTAAAT-1,12850
GAACCATCTGGGAGAC-1,13532
GAACCCTCTGTGTTCT-1,8442
GAACTGTGGAGAGACA-1,3895
GAAGACTTCAATGCCG-1,8752
GAAGCCACTGATTATG-1,8978
GAAGCCTGCACATTCC-1,8995
GAAGCGTGAGGAATTT-1,2191
GAAGGAGTCGAGTGCG-1,14449
GAAGGGTCATTAAGAC-1,11036
GAAGTCAGTTGCACTA-1,21683
GAAGTCTCCCTAGCGA-1,9499
GAAGTGATTTATCGTG-1,8965
GAAGTGCTGGATAGCT-1,10269
GAAGTTTCCACTCAAT-1,3018
GAATAGACGCGACCCA-1,15704
GAATAGTGCTCGATTA-1,44491
GAATCTATACTCGGAC-1,5362
GAATCTGAACATTCTC-1,6280
GAATGCGAATCGGTTC-1,6608
GAATGTATGGCAGGTC-1,8282
GAATTATAGTGAAAGG-1,866
GAATTCACCCGGGTGT-1,9002
GACAAACATATGCAGG-1,17991
GACAACGACCATTGAA-1,2851
GACAACGCAGCTTACG-1,2023
GACACAAGGGAAGAAA-1,2047
GACACTGAGTTCAGTG-1,4829
GACAGAGGTCTTCAGT-1,14649
GACATCCGTCGAACTG-1,7545
GACATCGATTTATAAC-1,5035
GACCAGAGCCCTGTAG-1,6900
GACCAGGTCATTCATA-1,5933
GACCCGTCGCCGGCTA-1,47814
GACCGTGCTGACGGTG-1,2113
GACGCCGTAAAGGCTA-1,25844
GACGCTTGCTTCTAAA-1,31142
GACGGACCGCGTTCCT-1,5428
GACGGGTTGGCCCGTA-1,9109
GACTAACACAGCACCT-1,4282
GACTAAGATCATGCAC-1,2137
GACTACAAAGCGGTGG-1,27191
GACTACAATTGCTCGT-1,4865
GACTAGGCCGTTAGGT-1,11703
GACTCGCGGGAATGAC-1,31871
GACTTTCGAGCGGTTC-1,20911
GAGACTGATGGGTAGA-1,1412
GAGACTTCGCGACCGA-1,48946
GAGAGGGCGCGAGGTT-1,20347
GAGAGGTGCATTCTGG-1,41651
GAGATCTGCTTGGCAT-1,7651
GAGATCTGTCACTCCG-1,1976
GAGATGGCTTTAATCA-1,7001
GAGCACCTGTGTCCAG-1,11522
GAGCGAGGGAGTACCG-1,5730
GAGCGCGCACGAGTAG-1,11249
GAGCGGAATGCGGTGT-1,3937
GAGCTCAACATGAGCG-1,15535
GAGGGCGCAGCTCTGC-1,8743
GAGGTACATCCATCTT-1,7008
GAGGTACGCGTGTCCC-1,3549
GAGTACGGGTATACAA-1,5794
GAGTAGATACTAGTTG-1,16353
GAGTATGCCCGCCTTG-1,6018
GAGTATGCGCGTGCAT-1,6584
GAGTCAGACCAGAATC-1,7450
GAGTCCACCAGGTTTA-1,9653
GAGTCCGCTTACCGGA-1,13248
GAGTGTGCGGTACCCA-1,4865
GATAACTCGCACTGTG-1,4313
GATACGATGGGAGTCA-1,5208
GATAGAACCCGCTAGG-1,10082
GATAGGTAACGTTGAC-1,21945
GATATCTCATGCAATA-1,26091
GATATGCGGTAGCCAA-1,34194
GATATTTCCTACATGG-1,7520
GATCATTCCAAACATT-1,3327
GATCCCTTTATACTGC-1,3147
GATCCTAAATCGGGAC-1,21705
GATCGACACTATCTGA-1,1602
GATCGCGGGCTCTCCA-1,2702
GATCGCTACCCGATTT-1,8768
GATCGGTGGCCATAAC-1,2133
GATCTGCTATCTAAGG-1,19903
GATCTTTGCAGGGTAT-1,8136
GATGACAAGTAGGGCA-1,34692
GATGCGTCCTGCATTC-1,1510
GATGCTACCTTCGATG-1,11415
GATGGTGCCCTAGGCA-1,24381
GATGTCGGTCAACTGC-1,8180
GATGTGTTGTCACAAG-1,2957
GATGTTCAATCCACGA-1,10293
GATTACTGAATTTGGG-1,25166
GATTATCTTGCATTAT-1,7700
GATTCCCTTGTCGCAG-1,1516
GATTCCGCGTTTCCGT-1,4222
GATTCGACGGTTCACG-1,12119
GATTCTGTTAATGAGT-1,34383
GATTGACACTCTGCTC-1,46618
GCAAACCTTGGCCATA-1,13239
GCAAATATTACGCTTT-1,6364
GCAACCACCAGACCGG-1,4427
GCAACCACGGCCGCGT-1,30999
GCAAGAATTCCTTGGC-1,24375
GCAAGTGCACAGAGAA-1,774
GCACAAGTGTCGGAAG-1,16820
GCACACAGCTATTACC-1,5696
GCACGCCGATTCCCGC-1,6346
GCACGCCTACTTAGAT-1,7918
GCACTAGTCGCGCTAT-1,993
GCACTGCCTACCTTTA-1,7145
GCAGATTAGGGATATC-1,5380
GCAGCACACAGCCCAG-1,9633
GCAGCTGTCAACGCAT-1,7253
GCAGGACTATAGAATA-1,22558
GCAGGTAGAGTATGGT-1,34356
GCAGTGTGGCTATAGG-1,17437
GCATCCCTAACTTTGA-1,4038
GCATGAGGGACGCGGC-1,11069
GCATTGTAATTCATAT-1,6404
GCCAGGAGTAACCGAT-1,9751
GCCAGGCGTTCGCATG-1,3067
GCCATATTGCACACAG-1,13395
GCCATCGAGCTGCGTG-1,4296
GCCCATGGGTGCAATG-1,5056
GCCCGACTTCTTCCCG-1,20447
GCCCGATCTGTGGTCG-1,12591
GCCCGCGCGTAAACGG-1,6689
GCCCGCGCGTTTGACA-1,2002
GCCCTAAGTGCAGGAT-1,18136
GCCCTGAGGATGGGCT-1,4378
GCCGAAATTCCTACGT-1,1771
GCCGATTGGCCAAGCT-1,6330
GCCGCTTGTGAGAAAC-1,5545
GCCGGAAACACATCTT-1,3214
GCCGGGTTAGGGTCGC-1,4834
GCCGGTCGTATCTCTC-1,13789
GCCTAGCGATCTGACC-1,1528
GCCTATAGTGTCAGGG-1,769
GCCTATTTGCTACACA-1,5126
GCCTCATCTGGAAATA-1,8998
GCCTCCGACAATTCAC-1,16205
GCCTGTCCCGGTGCAT-1,33913
GCGAAGAATCTGACGG-1,8850
GCGAAGCCATACCCGT-1,3158
GCGAATGGACTAGCGA-1,23827
GCGACCCAACCATCTG-1,13180
GCGACGATAGTTGTAC-1,6402
GCGACGGTAGTCTCCT-1,19548
GCGAGGCCCGAGCAGA-1,2902
GCGATTCTGGAAGCAG-1,25109
GCGATTGTTAACGTTA-1,5624
GCGCAAGAGCGCGCTG-1,5185
GCGCATCCAGTCAGCA-1,17644
GCGCGGTCTAGTAACT-1,13355
GCGCTAAGTATGCATG-1,9091
GCGCTAATTGAATAGA-1,1463
GCGCTATGCCGAGGCA-1,6236
GCGCTGATCCAGACTC-1,6919
GCGCTGCTTTGCATTT-1,11290
GCGGACCGCGTTGTGG-1,4059
GCGGAGAAACTTCGCA-1,12816
GCGGCTCTGACGTACC-1,26187
GCGGCTTTAGCAAGTT-1,11740
GCGGGCAGACGGGTGA-1,13032
GCGGGCGAGCCTTACC-1,8225
GCGGTCCCTAGACGCA-1,2492
GCGGTCTTGCTTTCAC-1,7121
GCGGTGAACTGCGCTC-1,25623
GCGGTTCCCTATCATG-1,4234
GCGTCCCTAAGACATA-1,9181
GCGTCGAAATGTCGGT-1,16821
GCGTCGCCAGGGTGAT-1,14121
GCGTCGTAACATGGTC-1,4258
GCGTCTCTGCATTGGG-1,11504
GCGTGGTACTGGGTTA-1,24460
GCGTGTATGTCGTATT-1,7165
GCTACTATAGTAGAGT-1,9366
GCTAGCTTGAATAGCT-1,4475
GCTAGGCACCACGGAG-1,18201
GCTCAATCCGTTTATT-1,14225
GCTCAATGTAATACCG-1,16486
GCTCCATGCAAAGCAA-1,29194
GCTCCTGACATACTGG-1,22015
GCTCGCTCATGTCCAA-1,6112
GCTCTAAACCCTGACG-1,6241
GCTCTATGTTACGTGC-1,3244
GCTCTCGGGTACCGAA-1,2518
GCTCTTTCCGCTAGTG-1,17631
GCTGCACGGTTTCTTA-1,14638
GCTGCTAAGTAGTCGA-1,18776
GCTGCTACTGCGTAGC-1,4205
GCTGCTCTCCGGACAC-1,2071
GCTGGCGGCGCATGCT-1,14660
GCTGTTGCTACCGAAC-1,11242
GCTTATGAAGCAGGAA-1,6323
GCTTCCATGTAACCGC-1,6819
GCTTGGATCGATTAGG-1,7386
GCTTTATTAAGTTACC-1,25677
GCTTTCAGAGGAGGTG-1,20474
GGAAACTAAATGGGCC-1,18117
GGAAAGGGAATTGAGC-1,10147
GGAAAGTGCCCATGCC-1,28421
GGAACCGTGTAAATTG-1,7651
GGAAGGACACCGTATA-1,7061
GGAATAACCTCAAGAA-1,48579
GGAATGCGCTAGCGTG-1,2541
GGACACCTCGGTGTTG-1,28905
GGACCAACAGGATAAC-1,5799
GGACCTCTAGGCCGCC-1,3119
GGACTCTTTGACTAAG-1,7657
GGAGAAGTCATTGGCA-1,721
GGAGACGACACCTTTG-1,10321
GGAGCAACATTTCAAG-1,6922
GGAGCGAGGCCTACTT-1,6008
GGAGGATTGAAAGGAG-1,10688
GGAGGGCTTGGTTGGC-1,2914
GGAGTGCCGCCCTGGA-1,6215
GGATACTCATGAATTG-1,1351
GGATGAAGATCGCTGA-1,23180
GGATGACGCGAGTTTA-1,5214
GGATGTCCTTACCGCA-1,9066
GGATTAAGCTAAGGTC-1,4974
GGATTAATCATGGACC-1,6451
GGATTCCGCTATACCC-1,3314
GGCAAAGGCGCCAATA-1,12708
GGCAAATTACTTTACT-1,2244
GGCAAGCCCATAGTGG-1,10528
GGCAATAGTCAATGAG-1,1481
GGCACTCCACTGGGCA-1,1923
GGCAGCAAACCTATGC-1,44847
GGCATATCGGTTCTGC-1,2448
GGCATTGAACATCTCA-1,13945
GGCCCAGCTGGTTTGC-1,4640
GGCCGGCGTCTGCTAT-1,23476
GGCCGTTTGGGTTTCA-1,7758
GGCCTGCTCTGATGTT-1,17558
GGCGAAATCTAACTTG-1,2575
GGCGCAGGACATCTTC-1,9792
GGCGCATGAATTGATG-1,5146
GGCGCGGAGATCTTTC-1,18711
GGCGCGTTCGAGTTTA-1,12522
GGCGGAGTAATATTAG-1,3877
GGCGGTAGGATCATTG-1,1884
GGCGTACCCTATATAA-1,3129
GGCTACTATACACTCC-1,3804
GGCTATTAAGTTGTAT-1,2603
GGCTCCTCCACCTGTT-1,25896
GGCTCGCGTTGAGGTA-1,3209
GGCTCTGCTCCAACGC-1,1634
GGCTGGCAATCCCACG-1,19041
GGCTTCTCGTGGGTGG-1,19735
GGCTTTCAATAAGGGT-1,14354
GGGAACGGGAGGTTAG-1,19666
GGGAAGACGGTCTGTC-1,22836
GGGACCCGTATATCTT-1,6998
GGGACTGCATAGATAG-1,2077
GGGAGAACTCACAGTA-1,2236
GGGAGCGACCGTAGTG-1,13193
GGGAGGATGCCCGAAA-1,2411
GGGAGTTAATGAGGCG-1,1940
GGGATGGTCGTAACCG-1,6612
GGGATTTACCGCACCT-1,4122
GGGCAGAGCAATCGTT-1,12576
GGGCAGTCAACGCCAA-1,16841
GGGCCCGTCTTAAACA-1,3641
GGGCGATATGTGTGAA-1,2769
GGGCGGCAAATGAATT-1,5285
GGGCGGGTTCCCTACG-1,21972
GGGCGTACATTTATAT-1,5424
GGGCGTCACCACGTAA-1,3960
GGGCGTCCACTGGCTC-1,2266
GGGCTATGATCGATGG-1,12718
GGGCTCATCGAACCCA-1,4714
GGGCTGCCTAGGGCGA-1,810
GGGCTGGTTAGTCGCG-1,4506
GGGTACTTCATGAACT-1,10303
GGGTCACCGTGACGGT-1,2487
GGGTCAGGAGCTAGAT-1,18548
GGGTGACACCTTAACT-1,10980
GGGTGGTCCAGCCTGT-1,44138
GGGTTAACATTTGAGT-1,7639
GGTAACTATGTATCTG-1,1598
GGTACAAACATGCTAT-1,1925
GGTAGACCGTTGGGCG-1,20277
GGTATTGCCGAGTTTA-1,1675
GGTCAGTGGGTCCCAC-1,23166
GGTCGGTCGTCCACAG-1,8508
GGTCGTAAGCTCGCAC-1,13637
GGTCTCCGTCCAGGTT-1,26373
GGTCTCTGAATGGACT-1,10638
GGTCTTGAGCGCTCTT-1,6545
GGTGAAACCGGGAATG-1,1968
GGTGAAGTACAGGGAT-1,31597
GGTGATAAGGAGCAGT-1,2116
GGTGCATAAATGATTA-1,4389
GGTGCTGGTACACATT-1,6628
GGTGGACTGCTCTGGC-1,10530
GGTGTAAATCGATTGT-1,9279
GGTGTTCTGTTTCTAC-1,13128
GGTTACCACCCTCGGG-1,24438
GGTTCCACCCGCTTCT-1,4132
GGTTTACAATCTCAAT-1,2950
GGTTTAGCCTTTCTTG-1,13658
GGTTTCAATCGGTCAG-1,6345
GTAACTGCCCAAGGAG-1,4147
GTAAGGATTTGTCGGA-1,7542
GTAAGTAGGGTATACC-1,357
GTAATCTGATTCTTCG-1,4640
GTACGAGATTGCGACA-1,1883
GTACGTTTGCCCGTCA-1,7570
GTACTAAGATTTGGAG-1,3255
GTACTACGGCCTCGTT-1,15281
GTACTCCCTTATCGCT-1,4059
GTAGACAACCGATGAA-1,23535
GTAGACACGCCTGACT-1,7629
GTAGCGCTGTTGTAGT-1,3030
GTAGCGGCTATACACT-1,7059
GTAGCTAGTAAGCGCG-1,5935
GTAGCTTCCTCTTGTT-1,5173
GTAGTCTACGATATTG-1,6549
GTATAGGACTCAGTAG-1,1951
GTATAGTGGCCCATGT-1,6665
GTATCAAACGTTAGCT-1,9263
GTATCAAGGTACTTCC-1,9544
GTATCCTTTGGTAACC-1,10542
GTATCTCCCTAACTGT-1,4578
GTATCTTGTTGCTCAC-1,2398
GTATCTTTCATAACCA-1,12474
GTATGTGGGTCTAGTT-1,5574
GTCACAAAGTTTCCAA-1,30510
GTCAGTTGTGCTCGTT-1,4810
GTCATGCACCTCCGTT-1,3224
GTCATGGACATGACTA-1,2495
GTCCAATATTTAGCCT-1,14885
GTCCCGCGACGTTATG-1,21092
GTCCGGACCTGAAATT-1,15168
GTCCGGCTGAATTGCG-1,2642
GTCCGGGTTCACATTA-1,3570
GTCCGTTAGAGGGCCT-1,15382
GTCCTACGAATAGTCT-1,15063
GTCGCCGTTGTGTGTT-1,6049
GTCGCGTAACCCGTTG-1,2278
GTCGGATATCTCAGAC-1,792
GTCGGATGTAGCGCGC-1,3851
GTCGGGAAGCAGAAAC-1,12151
GTCGTACCATCTCGGG-1,10798
GTCGTCAATTATAAGG-1,1380
GTCTAGTGAGCCGCTT-1,24317
GTCTATCTGAGTTTCT-1,11496
GTCTATTGGTTCCGGT-1,3258
GTCTCAAGGCCCGGCT-1,11496
GTCTCCGCCTCAATAC-1,6542
GTCTCGATCTGCTTTC-1,3421
GTCTCGCCAACACGCC-1,12885
GTCTGCCGACTCGACG-1,6339
GTCTGGGCGGTCGAGA-1,6435
GTGAAACGGCGCCACC-1,31096
GTGACAGCTTCCCACT-1,14307
GTGACCGCACACTACG-1,9132
GTGACTTCAGTAGTGC-1,5124
GTGAGGAGCGGTTGAG-1,4423
GTGAGTGGTACAACGC-1,16614
GTGATCACTAACGCCT-1,37602
GTGATCATAGATCTGC-1,14263
GTGATTCGCCGCTCAA-1,4618
GTGCAACAAATGTGGC-1,33853
GTGCACCAGCTTCAAC-1,9803
GTGCCATCACACGGTG-1,28832
GTGCCCGTTCGGATTC-1,1712
GTGCCGCTTCAAAGGT-1,7623
GTGCGGGTCTCCAAAT-1,2367
GTGCTATCCAGCTGGA-1,16151
GTGCTCAAGTACTGTC-1,2187
GTGCTGTTAGAACATA-1,26941
GTGGACCAACCCGATT-1,29187
GTGGACGCATTTGTCC-1,19659
GTGGAGTCGGCGGTTG-1,12460
GTGGCGGGCCGTAGCT-1,30108
GTGGGCTTAGACACAC-1,590
GTGGTATAGTCTGCCG-1,10757
GTGGTCAGCGAAGTAT-1,3233
GTGGTTTCCGCCTTTC-1,19454
GTGTACCTTGGCTACG-1,3676
GTGTTACTATGCGTCC-1,5890
GTTAAGGGTGCGATGT-1,3682
GTTACAATTGGTGACG-1,11391
GTTACCTACAACTTGC-1,5622
GTTACTTTGGGCCTAG-1,3694
GTTAGAGTGTGCCGCT-1,7073
GTTATATTATCTCCCT-1,7051
GTTATCACCTTCTGAA-1,35188
GTTATTAAATACGACC-1,8624
GTTCAATCTATGTCAA-1,6457
GTTCACAGGAGTCTAG-1,863
GTTCAGTCGCCAAATG-1,8881
GTTCCAGTCTGACCAT-1,15295
GTTCGCCATAAGTGCC-1,2529
GTTCTTCCCTCGATGT-1,13365
GTTCTTGTAACTCAAT-1,30197
GTTGAACCGGTTCCAT-1,24599
GTTGCACGGAGTTTCG-1,4741
GTTGGATTGAGAACAC-1,2188
GTTGGATTTGCGTTGG-1,1356
GTTGGTCATGCTATCC-1,18416
GTTGTAGATTTATGAG-1,8183
GTTTACGTTCCATCTG-1,17040
GTTTCATATCGTCGCT-1,15066
GTTTCCTGGAGGGTGA-1,1642
GTTTCTGCAGTCTCCC-1,4979
GTTTGACCAAATCCTA-1,6005
GTTTGGGCTTGTGAGC-1,8442
GTTTGGGTTTCGCCCG-1,7679
GTTTGGTAGGGTCAAC-1,29732
TAAACCCAGGAGGGCA-1,12788
TAAAGCGGTATTTCCA-1,8473
TAAAGCGTTAGGAGAA-1,34772
TAAATTGTGGGTAAAG-1,11228
TAACAGGTTCCCTTAG-1,28482
TAACATACAATGTGGG-1,6474
TAACTCATCCGCGCGG-1,3805
TAAGGCAACATAAGAT-1,2505
TAAGGCATAACATCAA-1,6876
TAAGGCCCGTCACCCT-1,3056
TAAGGCTGAATCCCTC-1,22104
TAAGTCGCCGAGTATC-1,20143
TAAGTTGCGACGTAGG-1,10531
TAATAAACAAGGAGAT-1,25745
TAATACTAGAACAGAC-1,3353
TAATAGAACAGAGTTA-1,5644
TAATCGATCCGTACGT-1,10115
TACAAATTGCGGAGGT-1,5606
TACAACGCACAACTCA-1,3233
TACAAGCTGTTCACTG-1,4539
TACACAGCCGTGGTGC-1,5687
TACACCTCTTCGAATC-1,4899
TACAGAAACGGTGGGC-1,16916
TACATAGGCATACACC-1,2273
TACATTTCTAACGTGC-1,1803
TACCAAATAGCCCAGA-1,10596
TACCAATAAAGTACCA-1,13596
TACCAGAAGTAGGTTC-1,3706
TACCAGCTAGGTTTAA-1,12403
TACCGCGGACTTGCAG-1,17005
TACCGGCTCACTGCCC-1,17095
TACCGGTCGTTTCCAT-1,30315
TACCGTAGGTTAACTA-1,6910
TACCTACTCCCAGTAT-1,11481
TACCTCACGCTTGTAC-1,14017
TACCTCAGTTGTCTGT-1,13324
TACCTTAAGATTTCCC-1,24802
TACGAACACGACTTCA-1,2141
TACGACGCTTGCTGCG-1,10098
TACGAGAACTTCACGT-1,3840
TACGATGTTGATCATC-1,30440
TACGCAGTTCTTTCCT-1,2562
TACGCCATATTCTAAT-1,2014
TACGCCGAGGGTACCC-1,40161
TACGCCTCCATTCCGA-1,26306
TACGGAAGCCAAACCA-1,3630
TACGGGATGCTAGCAG-1,2379
TACGGGTAATAACATA-1,5367
TACGTACTAGTGCTGA-1,17749
TACGTGGGCCCAGGGC-1,8689
TACGTTTACCGGCAAT-1,27768
TACTACGTGCAATGCG-1,7257
TACTATGGTTCCTCAG-1,6580
TACTCGTTTGAATCAA-1,7949
TACTCTTTCGTCTTCA-1,5024
TACTGAACAGATTTAG-1,9557
TACTTTACTGAGCCGG-1,7937
TACTTTCCGCACGCCA-1,63701
TAGAAACCACTAAGTA-1,3206
TAGAAAGGTGGCGCTA-1,2241
TAGAATTAAGGGCAAC-1,30228
TAGACGAAACGCCAAT-1,9144
TAGACGCCCGTACCGG-1,2367
TAGAGATCATGCAACT-1,27519
TAGAGCTACGAAGAAC-1,12922
TAGAGGGAGTTTATCT-1,23266
TAGAGGTTCTACTTGT-1,5756
TAGAGTCTAAGCGAAC-1,2413
TAGATATGGACTGGAA-1,6696
TAGATCCGAAGTCGCA-1,6571
TAGCCATTTCAAAGTC-1,3767
TAGCTAAGTCCGGGAG-1,3771
TAGCTAGAAGGCATGA-1,5283
TAGCTAGTGATGATGG-1,5548
TAGCTCGCCTGATAAC-1,23142
TAGGAACAGCCTCCAG-1,42754
TAGGATCTTAACCGCA-1,17704
TAGGGAGCTTGGGATG-1,7369
TAGGGTGTTTCAAGAG-1,2624
TAGGTGTTCCACAGAT-1,7814
TAGGTTCTGCTGAGAA-1,15896
TAGTAGCTTATACCAG-1,19792
TAGTAGTTGCCGGACA-1,27377
TAGTCCCGGAGACCAC-1,5474
TAGTCCGCAGAGAATG-1,2098
TAGTCGATCACGGGTT-1,22696
TAGTCTAACAACGAGA-1,29610
TAGTGCCCTCCAGAGT-1,3426
TAGTGGAACTCATACA-1,5885
TAGTTTATTCTTGCTT-1,8791
TATAAATCCACAAGCT-1,2096
TATAAGTGAGGATAGC-1,1265
TATACACAGACGCCTT-1,17009
TATACGCGTCATCACT-1,5640
TATAGAGTCGCTTGAA-1,5074
TATATCCCTGGGAGGA-1,6214
TATATTCGCGTCGATA-1,18207
TATCACAGCACGGGCA-1,34560
TATCCAATTGGTTATC-1,4286
TATCCCTCGATCTGCA-1,21464
TATCCGCACCGTCGGG-1,6532
TATCCTATCAACTGGT-1,14684
TATCCTGCATGGGAAT-1,14034
TATCGATCTATGCATA-1,10288
TATCGATGATTAAACG-1,3532
TATCTACCACAGCGGG-1,12919
TATGATCTTCTCTTTA-1,12495
TATGCTCCCTACTTAC-1,3572
TATGGATGTGCTACGC-1,8956
TATGGGACCGAGCAGG-1,2639
TATGGGTACGTATCGT-1,1778
TATGGTCTGAGTAACA-1,1818
TATGTCAAGACCGACT-1,9866
TATTAACCTGACCGCG-1,5470
TATTACCATCCTGCTT-1,13748
TATTCCACTCAGCTCG-1,16250
TATTCCGAGCTGTTAT-1,10510
TATTCCGGCAGTCCTA-1,9237
TATTCCTCCGCCCACT-1,27329
TATTCGTGCCAGAATA-1,1344
TATTTAGTCTAGATCG-1,1773
TATTTGTTACCCTTTA-1,2019
TCAAACAACCGCGTCG-1,13395
TCAAACTTAGATTGTT-1,1306
TCAAATTTGAGACTCA-1,5269
TCAACATAGCGCCCTA-1,7175
TCAACCATGTTCGGGC-1,2880
TCAACGAGGAGACAAA-1,15687
TCAACGCAGGAAATAA-1,16484
TCAACGCGACCGGCAG-1,1974
TCAAGGTTACTACACC-1,17279
TCAATACGCCGTCATG-1,24509
TCACAGCAAACTCGAA-1,3546
TCACAGGAGAATAAGA-1,5325
TCACAGGTTATTGGGC-1,2660
TCACCCTCTTAAGATT-1,28314
TCACCGCTCGGCACTC-1,3207
TCACGCATTGTAGATC-1,4208
TCAGAGGACGCGTTAG-1,10003
TCAGCGCACGCCGTTT-1,10064
TCAGGGTGCACGAAAC-1,3152
TCAGGGTGTAACGTAA-1,2220
TCAGGTTCTTTGAGAA-1,1397
TCAGTAGGGACTATAA-1,4425
TCAGTGTATACGTCAT-1,18763
TCATATGAGCTTTGTT-1,29961
TCATCCCAGAGGGTGG-1,5993
TCATGCAGGTTCTCAT-1,3612
TCATTTAAGTCTCCGA-1,6114
TCCAACTCAGCTATCT-1,20454
TCCAACTTTAAATTCT-1,25980
TCCAATAAAGGCTACC-1,16645
TCCACAATGGTTTACG-1,581
TCCACATCGTATATTG-1,3655
TCCACCTCTAGCCTTT-1,8228
TCCACTTTATCTAGGT-1,2207
TCCAGGCAGGACGATC-1,2630
TCCAGGCGAGTACGGT-1,2067
TCCAGGGTATATACGA-1,9383
TCCATTGTGACCTCGT-1,6884
TCCCAAAGACGAAGGA-1,1978
TCCCACGGAGGGAGCT-1,3619
TCCCAGCTTTAGTCTG-1,1952
TCCCAGGCTTAGCTAA-1,5890
TCCCGCGTACTCCTGG-1,2543
TCCCGGGTGTGCTGCT-1,7587
TCCCGTCAGTCCCGCA-1,1634
TCCCTTAGATTACTCG-1,3515
TCCGATAATTGCCATA-1,4290
TCCGATGACTGAGCTC-1,2347
TCCGATGGTGCGACAT-1,5059
TCCGCTTATCCCATTA-1,11750
TCCGGCCTAGCGTACA-1,13178
TCCGGCCTGCATCGAT-1,3000
TCCGGTTCGTCCGGTC-1,8520
TCCGTTTAGCCTTGAA-1,10211
TCCTAACCGTCGGGCA-1,5800
TCCTAGCAAAGAAGCT-1,21598
TCCTCCTAAGACATTC-1,39357
TCCTCTGGCCCATTAG-1,3848
TCCTGCAGCCGCCAAT-1,18208
TCCTGCCAACTGGAGA-1,4985
TCCTGCGTTGATACTC-1,28144
TCCTTACGACGGTCCG-1,11431
TCCTTCAGTGGTCGAA-1,13696
TCCTTGTCCTTTAATT-1,4216
TCCTTTAAATCCGCTT-1,7184
TCCTTTCTTACGCTTA-1,3187
TCGAAATTTAGGACCA-1,1271
TCGAAGAACCGAGCAC-1,43822
TCGAATATCCCGCAGG-1,20446
TCGAGACCAACACCGT-1,3437
TCGAGCCAGGCAGGCC-1,14991
TCGATTTACGAAACGA-1,8982
TCGCAAAGATGCATTT-1,8774
TCGCCGAAGTTGCGTC-1,13999
TCGCCTCCTTCGGCTC-1,18834
TCGCTAAACCGCTATC-1,8552
TCGCTACTGGCTTTGA-1,6256
TCGCTCGATATATTCC-1,1657
TCGCTGGGCGGATTGT-1,1830
TCGCTGTGCGTAAATC-1,11140
TCGCTTTAAACGTTTG-1,30882
TCGGAATGACCATCAA-1,7560
TCGGAGAGTATCGGGA-1,26359
TCGGCGAACCCAAACC-1,11956
TCGGCTAACTTCCCTT-1,4433
TCGGGAGACAGCGTAC-1,7342
TCGGGCCGTCGTGGTA-1,1446
TCGGGTGAAACTGCTA-1,25664
TCGGTCCCTGACTCCA-1,4160
TCGTAAGACGACATTG-1,2517
TCGTACCGACGTCAAG-1,31802
TCGTATAGTGCAATTA-1,12325
TCGTATTTCGTCCGGA-1,11386
TCGTCAAGTACGCGCA-1,23017
TCGTCCGCTGGCGTCT-1,572
TCGTCTTAGGCGTTAA-1,24852
TCGTGTCACGCTGACA-1,5759
TCGTTAGGAGTCCCTA-1,12974
TCGTTCGTTATTATGT-1,20483
TCGTTGCTATCCGGTC-1,4333
TCTACCGTCCACAAGC-1,2620
TCTAGCAATCTCCGCC-1,18327
TCTAGCATCTTCGATG-1,925
TCTAGCATGCCCAGAA-1,8409
TCTAGTGATATCGTGG-1,31319
TCTAGTTATCAGAAGA-1,1497
TCTATCCGATTGCACA-1,5705
TCTCAAATCAATCGGG-1,5083
TCTCCAACGTAGGTTA-1,2459
TCTCCACAAGTTGAAT-1,23730
TCTCCCTGGGCAGCGT-1,19297
TCTCTTACCGCGAACC-1,4558
TCTGAACTCGTACCCG-1,27657
TCTGAAGCACGTGGTC-1,8452
TCTGAATTCCGTACAA-1,17913
TCTGCATACCTTGCTT-1,33410
TCTGGGAACCTTTGAA-1,5795
TCTGGGTAGCGCTCAT-1,17778
TCTGTCATACAAGAGC-1,1087
TCTGTTACCCAGCATA-1,11045
TCTTACAGAGGTACCG-1,2744
TCTTACCGGAACTCGT-1,28145
TCTTACTTATGCCTCT-1,32321
TCTTAGAGTGAACTCT-1,8580
TCTTCCCATGGGCACA-1,19630
TCTTCGATACCAATAA-1,915
TCTTGATGCGTAGCGA-1,1053
TCTTGCTCCCGATACT-1,6087
TCTTTAAGACTATGAA-1,8246
TCTTTCTCTTAAGGAG-1,2061
TGAAACTTATGCAAGC-1,26190
TGAATGAGTGTTTCCC-1,20765
TGACATGTAACGTGAC-1,5776
TGACCAAATCTTAAAC-1,15834
TGACCCACGTTAGACA-1,2762
TGACGAATATTTCCCT-1,28701
TGACGATGCACTAGAA-1,8643
TGACTATAATCCTTTC-1,9744
TGAGAATGCTTTACCG-1,8570
TGAGAGATTTACCACG-1,6792
TGAGATCAAATACTCA-1,22521
TGAGCCATACAGTCTC-1,24680
TGAGCGGAAAGTGTTC-1,13482
TGAGGAGTGCCAGCTT-1,15809
TGAGGTGTGTGGCGGA-1,13882
TGAGTAAATTAGCGTA-1,8368
TGATACATTTAGCCGT-1,7783
TGATCACCACACTGAC-1,24542
TGATCAGGGAACTGCT-1,11385
TGATCGGTTTGACCCT-1,3276
TGATCTCCGGCGCCAG-1,2707
TGATGTCAATTAAGTG-1,12374
TGATTCCCGGTTACCT-1,7045
TGATTCGTCTATCACT-1,2833
TGATTCTGTCGCCGGT-1,7029
TGATTTATTAGCTGTG-1,32097
TGCAAAGTTCGTCTGT-1,6999
TGCAACCCATCTGCGG-1,14854
TGCAAGAATGACGTAA-1,3071
TGCACGAGTCGGCAGC-1,38567
TGCAGAACTATATCGT-1,14962
TGCAGAGTACCGAGCA-1,4199
TGCAGGATCGGCAAAG-1,2806
TGCAGTTTCCTCCCAT-1,3948
TGCCAAAGTCAGACTT-1,9285
TGCCAATGGGTACTCT-1,7684
TGCCACCTGGCGAAAC-1,2940
TGCCATTACTAAAGAA-1,6193
TGCCCGTACCGTTAAA-1,4950
TGCCGTGGATCGTCCT-1,17674
TGCCGTGGGACCCAAT-1,8480
TGCCTTGGCCAGGCAA-1,25498
TGCGACACCCTAGTGC-1,4355
TGCGACGGCCGAACGT-1,13124
TGCGAGAATATTACCC-1,5230
TGCGCAAAGCATTTGG-1,1274
TGCGGCATAGTTCAAC-1,5851
TGCGGGTATTGGGATC-1,13332
TGCGGTGAAATTTCAT-1,9717
TGCGTAAGAACCTGAT-1,13395
TGCTAAGTGTCTATTT-1,11279
TGCTATACAAACGGAC-1,13721
TGCTCCACAGTTCTTA-1,22297
TGCTCGGCGAAACCCA-1,27968
TGCTCGGTGGGTCACC-1,8103
TGCTCTTGAGAGTTTG-1,5971
TGCTGGTTGGACAATT-1,1301
TGCTTCCCAAGCAGTA-1,7191
TGGAAGAAGGGAACGT-1,23156
TGGAGCTAAAGTTCCC-1,55953
TGGCAAGCACAAGTCG-1,8321
TGGCAGATTACGATCA-1,12311
TGGCCGTATATTGACC-1,1064
TGGCGACTGCTCCAAA-1,4679
TGGCGATCAAGTTATG-1,9386
TGGGCACAAACAGAAC-1,1851
TGGGCACGTTCTATGG-1,4311
TGGGCCCATACTAATT-1,3324
TGGGCGATACAATAAG-1,5366
TGGGTGTTAAGTAGAA-1,9616
TGGTAGAATATATGGG-1,22879
TGGTATCGCATCCCAA-1,31610
TGGTATCGGTCTGTAT-1,39530
TGGTCCCACGCTACGG-1,12098
TGGTCTGTTGGGCGTA-1,8049
TGGTTCGTAGCAAAGG-1,4827
TGGTTGGAGGATCCTG-1,4073
TGTACCTACACGAGGG-1,23186
TGTACGAACAAATCCG-1,1146
TGTACGCTATCAGCTT-1,3715
TGTACTATCGCTCGTT-1,22747
TGTAGCCAATTCCGTT-1,14259
TGTAGTGATCTATAAT-1,20097
TGTATGGCGCAGACAG-1,28697
TGTCCCGACATAGCAC-1,22595
TGTCGTGGGTATAGGC-1,11533
TGTCTACAGTTTCTGT-1,3599
TGTGAGACTAGCCCAA-1,10024
TGTGATTCCAGCGCTT-1,4305
TGTGCCGGTGCCGGAA-1,10563
TGTGGAGGAAGCTTAA-1,5307
TGTGGCAAAGCGTATG-1,12767
TGTGGCGGGCTTCTGG-1,12351
TGTGGTTGCTAAAGCT-1,5892
TGTTCCGCTTCCATGA-1,3355
TGTTCCGGCCTGAGCT-1,7254
TGTTCGTATTGCGGTG-1,25063
TGTTCTTCCATTGACT-1,2586
TGTTTAATACTTCATC-1,20056
TGTTTCGGTACTTCTC-1,3035
TTAAACTCGAATTCAT-1,9578
TTAACCAACCCTCCCT-1,2539
TTAACGTCGCAAGACC-1,20086
TTAACTTCAGGTAGGA-1,33127
TTAAGATAGGATTGAC-1,9843
TTAAGCCGACAACTTC-1,14110
TTAAGCGCCTGACCCA-1,1427
TTAATCAGTACGTCAG-1,10143
TTAATGCGAGGTAACT-1,10107
TTAATGTAGACCAGGT-1,1298
TTACAACTACGCATCC-1,5834
TTACAGACCTAAATGA-1,20982
TTACCCATTGCCGGGT-1,3711
TTACCCTAGGGATTGG-1,9355
TTACGGATGGTTCGAG-1,3098
TTACTCTGGTACGTAC-1,21107
TTACTGGGATATTTCA-1,11854
TTACTGTTTCTCTACG-1,27848
TTAGAAGAACATGACT-1,10495
TTAGAATAAGGGTCGG-1,7131
TTAGACACGATCGTTG-1,3410
TTAGAGTTTAGAAGGA-1,2642
TTAGCGAATAGATAGG-1,17182
TTAGCTGATTTGCCGT-1,9072
TTAGGTCATAACCGAC-1,20592
TTAGTAAACCTGCTCT-1,30865
TTAGTTATTCGTGGCA-1,12705
TTATAGGTAATTGTCT-1,3470
TTATATACGCTGTCAC-1,11397
TTATATTTGGCAATCC-1,1428
TTATGAATGAAAGGGA-1,3372
TTATGATCTTAACGAA-1,2452
TTATTAGGGAAGCATC-1,4216
TTCAAAGTCTCTAGCC-1,7642
TTCAAGCCGAGCTGAG-1,22943
TTCAATTAGCCATAAT-1,5717
TTCACGAAAGGATCAC-1,2868
TTCACTCGAGCACCTA-1,5226
TTCACTTCCTAGAACG-1,13301
TTCATGGCGCAACAGG-1,4517
TTCCAATCAGAGCTAG-1,21940
TTCCAATCTGGCTATC-1,3619
TTCCACACAGATTTGA-1,5421
TTCCACATTTCTCGTC-1,3835
TTCCCGACGCTTCACT-1,4960
TTCCGCGTGAGGCGAT-1,14268
TTCCGGCCTTGAGGCT-1,4637
TTCGACAGAGCCCGTG-1,4794
TTCGACGGGAAGGGCG-1,900
TTCGCACTCGCGTGCT-1,1169
TTCGCACTGTACGACA-1,12401
TTCGCGCGCCATACGA-1,5140
TTCGGCAACCCGCTGA-1,4701
TTCGGGCGCTAGTCTT-1,9370
TTCGGTACTGTAGAGG-1,5851
TTCGTAATCCCAGCGG-1,2360
TTCTAACCGAAGCTTA-1,6602
TTCTAGAAAGTCTTAT-1,6439
TTCTAGGCCAATTGTG-1,1095
TTCTATTAAACGCAGC-1,20691
TTCTGACCGGGCTCAA-1,8414
TTCTTAGTGGCTCAGA-1,1882
TTCTTATCCGCTGGGT-1,10626
TTCTTCCCTTTGATAT-1,11591
TTCTTCGCAATAGAGC-1,6487
TTCTTGAGCCGCGCTA-1,6234
TTCTTGGAGTAATGAG-1,1746
TTGAAGAATTCCCAGG-1,4090
TTGAATATGGACTTTC-1,2180
TTGAATTCACGTGAGG-1,9991
TTGACAGGAGCTCCCG-1,31475
TTGACATGAACGTGGA-1,23834
TTGACCAGGAACAACT-1,8220
TTGACCATGTTCTCCG-1,1841
TTGACCGTGTTAATGA-1,10527
TTGACGCTCCATGAGC-1,4961
TTGACTACCATATGGT-1,13087
TTGACTATTGTCCGGC-1,15028
TTGAGAAGTTTAGCAT-1,8743
TTGAGAGTACTGCTAA-1,17574
TTGAGGCATTTAACTC-1,3743
TTGATCTAACTTTGTC-1,4051
TTGATGTGTAGTCCCG-1,26991
TTGATTAGCTGTTTCT-1,29437
TTGCAAGAAGACTCCT-1,5409
TTGCACAATTCAGAAA-1,24880
TTGCACGGAGCAGCAC-1,3317
TTGCATGCTGATCACG-1,26755
TTGCCCTGATCACGGG-1,8896
TTGCGGCATCAGAAAG-1,5456
TTGCGGCGACTCATGC-1,31125
TTGCGTCGGCCAACCG-1,5963
TTGCTGAAGGAACCAC-1,1664
TTGCTGATCATGTTCG-1,1008
TTGCTGGCCGGGCTTC-1,5670
TTGGAAGAATACAGTC-1,22562
TTGGACATGTGGCTTA-1,18068
TTGGATATCGTCTACG-1,3621
TTGGATCGACTTCTGG-1,32113
TTGGATTGGGTACCAC-1,11345
TTGGCCAAATTGTATC-1,8723
TTGGCCTAGAATTTCG-1,1712
TTGGGAAGACGAGCCG-1,7250
TTGGGACACTGCCCGC-1,2829
TTGGGCGGCGGTTGCC-1,3764
TTGGTCACACTCGTAA-1,4006
TTGTAAGGACCTAAGT-1,20357
TTGTAAGGCCAGTTGG-1,3005
TTGTAATCCGTACTCG-1,2746
TTGTATCACACAGAAT-1,30066
TTGTCGTTCAGTTACC-1,10301
TTGTGGTAGGAGGGAT-1,21317
TTGTGTATGCCACCAA-1,26100
TTGTGTTTCCCGAAAG-1,11517
TTGTTAGCAAATTCGA-1,1181
TTGTTCAGTGTGCTAC-1,13430
TTGTTGTGTGTCAAGA-1,2345
TTGTTTCACATCCAGG-1,12721
TTGTTTCCATACAACT-1,30402
